onCampus,frequencyIndividualStudy,count,percent
No,Daily,14,15.909090909090908
Yes,Daily,57,42.22222222222222
No,Weekly,26,29.545454545454547
Yes,Weekly,54,40
No,Monthly,12,13.636363636363635
Yes,Monthly,11,8.148148148148149
No,Once a semester,12,13.636363636363635
Yes,Once a semester,9,6.666666666666667
No,Never,24,27.27272727272727
Yes,Never,4,2.9629629629629632
